Book Id,Title,Author,Author l-f,Additional Authors,ISBN,ISBN13,My Rating,Average Rating,Publisher,Binding,Number of Pages,Year Published,Original Publication Year,Date Read,Date Added,Bookshelves,Bookshelves with positions,Exclusive Shelf,My Review,Spoiler,Private Notes,Read Count,Recommended For,Recommended By,Owned Copies,Original Purchase Date,Original Purchase Location,Condition,Condition Description,BCID
3852882,"Your Hate Mail Will Be Graded: A Decade of Whatever, 1998-2008",John Scalzi,"Scalzi, John",,"=""1596062118""","=""9781596062115""",4,3.67,Subterranean,Hardcover,368,2008,2008,2017/06/17,2017/06/17,,,read,,,,1,,,0,,,,,
31920777,American Kingpin: The Epic Hunt for the Criminal Mastermind Behind the Silk Road,Nick Bilton,"Bilton, Nick",,"=""1591848148""","=""9781591848141""",0,4.36,Portfolio,Hardcover,352,2017,2017,,2017/06/16,to-read,to-read (#16),to-read,,,,0,,,0,,,,,
30653783,"Smart Baseball: The Story Behind the Old Stats That Are Ruining the Game, the New Ones That Are Running It, and the Right Way to Think About Baseball",Keith Law,"Law, Keith",Tbd,"=""0062490222""","=""9780062490223""",0,4.10,Harper Collins,Hardcover,304,2017,2017,,2017/06/10,to-read,to-read (#15),to-read,,,,0,,,0,,,,,
840,The Design of Everyday Things,Donald A. Norman,"Norman, Donald A.",,"=""0465067107""","=""9780465067107""",0,4.18,Basic Books,Paperback,240,2002,1988,,2017/06/10,to-read,to-read (#14),to-read,,,,0,,,0,,,,,
33155772,"Ultimate Glory: Frisbee, Obsession, and My Wild Youth",David Gessner,"Gessner, David",,"=""073521056X""","=""9780735210561""",0,4.33,Riverhead Books,Paperback,352,2017,2017,,2017/06/10,to-read,to-read (#13),to-read,,,,0,,,0,,,,,
20980944,"Lowriders in Space (Lowriders in Space, #1)",Cathy Camper,"Camper, Cathy",Raúl Gonzalez III,"=""1452128693""","=""9781452128696""",4,3.68,Chronicle Books,Paperback,112,2014,2014,,2017/05/23,,,read,,,,1,,,0,,,,,
26031154,Lowriders to the Center of the Earth (Book 2),Cathy Camper,"Camper, Cathy",Raúl Gonzalez III,"=""1452123438""","=""9781452123431""",3,3.91,Chronicle Books,Hardcover,128,2016,2016,2017/05/23,2017/05/23,,,read,,,,0,,,0,,,,,
31950871,Men Without Women,Haruki Murakami,"Murakami, Haruki","Philip Gabriel, Ted Goossen","=""""","=""""",4,3.76,Knopf,Kindle Edition,240,2017,2014,2017/06/10,2017/05/17,,,read,,,,1,,,0,,,,,
19183469,The Science of Making Friends: Helping Socially Challenged Teens and Young Adults,Elizabeth Laugeson,"Laugeson, Elizabeth",John Elder Robison,"=""""","=""""",5,3.97,Jossey-Bass,Kindle Edition,385,2013,2013,2017/05/28,2017/05/16,,,read,,,,0,,,0,,,,,
13153693,Ghettoside: A True Story of Murder in America,Jill Leovy,"Leovy, Jill",,"=""0385529988""","=""9780385529983""",4,4.12,Spiegel & Grau,Hardcover,326,2015,2015,2017/03/20,2017/03/20,,,read,,,,2,,,0,,,,,
17980416,"Dust (Silo, #3)",Hugh Howey,"Howey, Hugh",,"=""""","=""""",3,4.26,Broad Reach Publishing,Kindle Edition,466,2013,2013,2017/03/20,2017/03/19,,,read,,,,2,,,0,,,,,
28114503,The Best American Comics 2016,Roz Chast,"Chast, Roz",Bill Kartalopoulos,"=""0544750357""","=""9780544750357""",3,3.73,Houghton Mifflin,Hardcover,352,2016,2016,2017/03/20,2017/03/01,,,read,,,,1,,,0,,,,,
17306293,"Shift (Silo, #2)",Hugh Howey,"Howey, Hugh",,"=""""","=""""",4,4.12,Broad Reach Publishing,Kindle Edition,520,2013,2013,2017/03/14,2017/02/28,,,read,,,,1,,,0,,,,,
1625,Twelfth Night,William Shakespeare,"Shakespeare, William",,"=""0743482778""","=""9780743482776""",5,3.97,Simon & Schuster,Paperback,220,2004,1601,2017/01/31,2017/02/01,,,read,,,,,,,0,,,,,
18626815,"Wool Omnibus Edition (Silo, #1; Wool, #1-5)",Hugh Howey,"Howey, Hugh",,"=""""","=""""",4,4.24,Broad Reach Publishing,Kindle Edition,530,2012,2012,2017/02/28,2017/01/31,,,read,,,,1,,,0,,,,,
23290548,Being Mortal: Medicine and What Matters in the End,Atul Gawande,"Gawande, Atul",,"=""""","=""""",0,4.40,Metropolitan Books,Kindle Edition,304,2014,2014,,2017/01/24,to-read,to-read (#12),to-read,,,,0,,,0,,,,,
25899336,When Breath Becomes Air,Paul Kalanithi,"Kalanithi, Paul",Abraham Verghese,"=""""","=""""",5,4.32,Random House,Kindle Edition,208,2016,2016,2017/01/24,2017/01/16,,,read,,,,,,,0,,,,,
10351434,"A Wind in the Door (A Wrinkle in Time Quintet, #2)",Madeleine L'Engle,"L'Engle, Madeleine",,"=""""","=""""",2,4.08,,Kindle Edition,256,,1973,2017/01/03,2017/01/03,,,read,,,,,,,0,,,,,
1845,Into the Wild,Jon Krakauer,"Krakauer, Jon",,"=""0385486804""","=""9780385486804""",0,3.94,Anchor,Paperback,207,1997,1996,,2017/01/02,,,read,,,,,,,0,,,,,
28509312,Weapons of Math Destruction: How Big Data Increases Inequality and Threatens Democracy,Cathy O'Neil,"O'Neil, Cathy",,"=""""","=""""",4,3.91,Crown,Kindle Edition,272,2016,2016,,2016/12/28,,,read,,,,1,,,0,,,,,
29083367,I Contain Multitudes: The Microbes Within Us and a Grander View of Life,Ed Yong,"Yong, Ed",,"=""""","=""""",5,4.22,Ecco,Kindle Edition,368,2016,2016,2017/05/02,2016/12/28,,,read,,,,1,,,0,,,,,
25666050,Algorithms to Live By: The Computer Science of Human Decisions,Brian Christian,"Christian, Brian",Tom  Griffiths,"=""1627790365""","=""9781627790369""",0,4.16,Henry Holt and Co.,Hardcover,368,2016,2016,,2016/12/28,to-read,to-read (#11),to-read,,,,,,,0,,,,,
25779641,"Don't Be a Jerk: And Other Practical Advice from Dogen, Japan's Greatest Zen Master",Brad Warner,"Warner, Brad",,"=""1608683885""","=""9781608683888""",0,3.93,New World Library,Paperback,328,2016,2016,,2016/12/28,to-read,to-read (#10),to-read,,,,,,,0,,,,,
32928614,The Long and the Short of It: How We Came to Measure Our World,Graeme Donald,"Donald, Graeme",,"=""""","=""""",3,3.50,Michael O'Mara,Kindle Edition,192,2016,,2017/01/08,2016/12/26,,,read,,,,,,,0,,,,,
18858109,The Simpsons and Their Mathematical Secrets,Simon Singh,"Singh, Simon",,"=""""","=""9781620402795""",5,3.83,Bloomsbury USA,Kindle Edition,272,2013,2013,2016/12/08,2016/12/01,,,read,,,,,,,0,,,,,
32145,Stiff: The Curious Lives of Human Cadavers,Mary Roach,"Roach, Mary",,"=""0393324826""","=""9780393324822""",0,4.05,W. W. Norton  Company,Paperback,320,2004,2003,,2016/12/01,,,read,,,,,,,0,,,,,
24972518,"Math Geek: From Klein Bottles to Chaos Theory, a Guide to the Nerdiest Math Facts, Theorems, and Equations",Raphael Rosen,"Rosen, Raphael",,"=""1440583811""","=""9781440583810""",3,3.39,Adams Media,Paperback,255,2015,2015,2016/09/29,2016/11/29,,,read,"This is a book of short math phenomena and stories that would be most appealing to a person with a little math experience. I found myself wanting more depth. How many new things you discover will likely be correlated to how much you enjoy the book, but isn't that usually the case?",,,,,,0,,,,,
10808486,"A Wrinkle in Time (Time Quintet, #1)",Madeleine L'Engle,"L'Engle, Madeleine",,"=""""","=""""",4,4.04," Farrar, Straus and Giroux",Kindle Edition,228,2010,1962,2016/12/23,2016/11/29,,,read,,,,,,,0,,,,,
101249,I'm Just Here for the Food: Food + Heat = Cooking,Alton Brown,"Brown, Alton",,"=""1584790830""","=""9781584790839""",5,4.21,"Stewart, Tabori & Chang",Hardcover,288,2002,2002,,2016/11/29,,,read,,,,,,,0,,,,,
30011981,Absolutely on Music: Conversations with Seiji Ozawa,Haruki Murakami,"Murakami, Haruki","Seiji Ozawa, Jay Rubin","=""""","=""""",4,3.85,Knopf,Kindle Edition,352,2016,2011,2016/11/29,2016/11/29,,,read,,,,,,,0,,,,,
29866200,The Meanings of Craft Beer (Kindle Single),Evan Rail,"Rail, Evan",,"=""""","=""""",5,3.62,,Kindle Edition,43,2016,,2016/11/08,2016/11/08,,,read,"<strong>Really interesting essay</strong><br/><br/>This is a short history of what it means to say ""craft beer"". The story of its origins and the evolution of the term was excellent. The conclusion was very satisfying. I want to go learn more about the beers I drink now that I've read this.",,,,,,0,,,,,
54976,Encounters with the Archdruid,John McPhee,"McPhee, John",,"=""0374514313""","=""9780374514310""",0,4.18,"Farrar, Straus and Giroux",Paperback,256,1977,1971,,2016/09/14,to-read,to-read (#9),to-read,,,,,,,0,,,,,
75,Uncommon Carriers,John McPhee,"McPhee, John",,"=""0374280398""","=""9780374280390""",5,3.93,"Farrar, Straus and Giroux",Hardcover,256,2006,2006,2008/01/01,2016/09/14,,,read,,,,,,,0,,,,,
29058155,"Harry Potter and the Cursed Child (Harry Potter, #8)",John Tiffany,"Tiffany, John","Jack Thorne, J.K. Rowling","=""""","=""""",3,3.76,Pottermore,Kindle Edition,320,2016,2016,2016/09/04,2016/09/04,,,read,,,,,,,0,,,,,
9800230,"The Disappearing Spoon: And Other True Tales of Madness, Love, and the History of the World from the Periodic Table of the Elements",Sam Kean,"Kean, Sam",,"=""""","=""""",4,3.89,"Little, Brown and Company",Kindle Edition,390,2010,2010,2016/12/01,2016/06/28,,,read,,,,,,,0,,,,,
24051735,Best Easy Day Hikes Hawaii: Maui (Best Easy Day Hikes Series),Suzanne Swedo,"Swedo, Suzanne",,"=""""","=""""",4,4.22,Falcon Guides,Kindle Edition,96,2010,2010,2016/06/01,2016/06/01,,,read,,,,,,,0,,,,,
27307047,Bloodline,Claudia Gray,"Gray, Claudia",,"=""""","=""""",3,4.07,LucasBooks,Kindle Edition,352,2016,2016,2016/06/28,2016/06/01,,,read,,,,,,,0,,,,,
25654388,Lost Stars (Journey to Star Wars: The Force Awakens),Claudia Gray,"Gray, Claudia",,"=""""","=""""",3,4.25,Disney Lucasfilm Press,Kindle Edition,560,2015,2015,2016/05/30,2016/05/22,,,read,,,,,,,0,,,,,
17162633,"On Basilisk Station (Honor Harrington, #1)",David Weber,"Weber, David",,"=""""","=""""",5,4.11,Baen Books,Kindle Edition,432,2012,1992,2016/05/29,2016/05/19,,,read,,,,,,,0,,,,,
30074101,Raspberry Pi 3: Let's Start Here: Raspberry Pi 3,Kenny Blue,"Blue, Kenny",,"=""""","=""""",2,3.40,,Kindle Edition,30,2016,,2016/05/19,2016/05/19,,,read,,,,,,,0,,,,,
20439696,How Do You Grab a Naked Lady?: A Memoir,Sharon L. Hicks,"Hicks, Sharon L.",,"=""""","=""""",4,4.15,AbbottPress,Kindle Edition,279,2012,2012,2016/05/16,2016/05/11,,,read,,,,,,,0,,,,,
20603758,Ready Player One,Ernest Cline,"Cline, Ernest",,"=""""","=""""",0,4.31,Broadway Books,Kindle Edition,386,2011,2011,,2016/05/11,to-read,to-read (#8),to-read,,,,,,,0,,,,,
18601166,Othello,William Shakespeare,"Shakespeare, William",,"=""""","=""""",5,3.87,,Kindle Edition,116,2012,1603,2016/04/22,2016/04/23,,,read,,,,,,,0,,,,,
25697808,The Rise of the Empire,John Jackson Miller,"Miller, John Jackson",James Luceno,"=""""","=""""",4,4.09,LucasBooks,Kindle Edition,720,2015,2015,2016/05/11,2016/03/20,,,read,,,,,,,0,,,,,
6902644,xkcd: volume 0,Randall Munroe,"Munroe, Randall",,"=""0615314465""","=""9780615314464""",0,4.34,Breadpig,Paperback,120,2010,2009,,2016/03/06,to-read,to-read (#7),to-read,,,,,,,0,,,,,
25329850,Thing Explainer: Complicated Stuff in Simple Words,Randall Munroe,"Munroe, Randall",,"=""0544668251""","=""9780544668256""",4,4.14,Houghton Mifflin Harcourt,Hardcover,64,2015,2015,,2016/03/06,,,read,,,,,,,0,,,,,
25614551,LEGO Star Wars: Small Scenes from a Big Galaxy,Vesa Lehtimäki,"Lehtimäki, Vesa",,"=""1465440097""","=""9781465440099""",3,4.04,DK Children,Hardcover,176,2015,2015,,2016/03/06,,,read,,,,,,,0,,,,,
26090564,"Always Hungry?: Conquer Cravings, Retrain Your Fat Cells, and Lose Weight Permanently",David Ludwig,"Ludwig, David",,"=""""","=""""",5,3.79,Grand Central Life & Style,Kindle Edition,338,2016,2015,,2016/03/06,,,read,,,,,,,0,,,,,
6297458,"Suzuki Violin School, Volume 1: Piano Accompaniment",Shinichi Suzuki,"Suzuki, Shinichi",,"=""0739051903""","=""9780739051900""",5,4.30,"Alfred Publishing Co., Inc.",Paperback,27,2000,1971,,2016/03/06,,,read,,,,,,,0,,,,,
22514020,NeuroTribes: The Legacy of Autism and the Future of Neurodiversity,Steve Silberman,"Silberman, Steve",,"=""158333467X""","=""9781583334676""",4,4.30,Avery/Penguin Random House LLC,Hardcover,477,2015,2015,2015/12/24,2016/01/01,,,read,"Really superb description of the work of the early pioneers of autism description. It dragged a little in the middle, but the stories of Asperger, Kanner, and other unsung heroes were excellent. I really liked the neurodiversity angle.",,,,,,0,,,,,
25489625,Between the World and Me,Ta-Nehisi Coates,"Coates, Ta-Nehisi",,"=""0812993543""","=""9780812993547""",3,4.40,Spiegel & Grau,Hardcover,152,2015,2015,2016/03/06,2016/01/01,,,read,,,,,,,0,,,,,
27241935,Child Health: A Population Perspective,Alice A. Kuo,"Kuo, Alice A.","Ryan J. Coller, Sarah Stewart-Brown, Mitch Blair","=""""","=""""",0,2.33,Oxford University Press,Kindle Edition,368,2015,2015,,2015/12/30,currently-reading,currently-reading (#2),currently-reading,,,,,,,0,,,,,
23148927,How We Got to Now: Six Innovations That Made the Modern World,Steven Johnson,"Johnson, Steven",,"=""""","=""""",3,4.04,Riverhead,Kindle Edition,,2014,2014,2016/03/06,2015/12/23,,,read,"Some nice stories about certain old school industries (ice trafficking to the South being the most unusual), but the causation in the narrative feels too much like an overreach",,,,,,0,,,,,
24172101,The Sword of Summer (Magnus Chase and the Gods of Asgard #1),Rick Riordan,"Riordan, Rick",,"=""""","=""""",4,4.26,Disney Hyperion,Kindle Edition,491,2015,2015,2015/11/27,2015/11/27,owen,owen (#1),read,,,,,,,0,,,,,
19553030,Stuff Matters: Exploring the Marvelous Materials That Shape Our Man-Made World,Mark Miodownik,"Miodownik, Mark",,"=""""","=""""",4,4.06,Houghton Mifflin Harcourt,Kindle Edition,272,2014,2013,2015/11/14,2015/11/14,,,read,,,,,,,0,,,,,
18902634,The Goldfinch,Donna Tartt,"Tartt, Donna",,"=""""","=""""",0,3.87,"Little, Brown and Company",Kindle Edition,774,2013,2013,,2015/09/06,to-read,to-read (#4),to-read,,,,,,,0,,,,,
1641695,Laika,Nick Abadzis,"Abadzis, Nick",,"=""1596431016""","=""9781596431010""",5,3.96,First Second,Paperback,208,2007,2007,,2015/09/06,,,read,,,,,,,0,,,,,
196924,"Owly, Vol. 1:  The Way Home & The Bittersweet Summer (Owly, #1)",Andy Runton,"Runton, Andy",,"=""1891830627""","=""9781891830624""",4,4.06,Top Shelf Productions,Paperback,160,2004,2004,,2015/09/06,,,read,,,,,,,0,,,,,
24553352,Wind/Pinball: Two Early Novels,Haruki Murakami,"Murakami, Haruki",,"=""""","=""""",4,3.55,Knopf,Kindle Edition,256,2015,1979,2015/09/06,2015/09/01,,,read,,,,,,,0,,,,,
18710619,"A Song of Ice and Fire, 5-Book Boxed Set: A Game of Thrones, A Clash of Kings, A Storm of Swords, A Feast for Crows, A Dance with Dragons (Song of Ice & Fire 1-5)",George R.R. Martin,"Martin, George R.R.",,"=""""","=""""",0,4.63,Bantam,Kindle Edition,4558,2012,2000,,2015/07/28,currently-reading,currently-reading (#1),currently-reading,,,,,,,0,,,,,
21463939,What If?: Serious Scientific Answers to Absurd Hypothetical Questions,Randall Munroe,"Munroe, Randall",,"=""""","=""""",5,4.17,Houghton Mifflin Harcourt,Kindle Edition,303,2014,2014,2015/07/27,2015/07/27,,,read,,,,,,,0,,,,,
18191269,FOUND IT! Introducing Geocaching to Kids and Families,Phyllis J. Perry,"Perry, Phyllis J.",David L. Perry,"=""""","=""""",5,2.38,,Kindle Edition,79,2012,2012,2015/05/26,2015/05/26,,,read,,,,,,,0,,,,,
18908874,Bomber the Police Dog - inspired by true story ( for reader age 8 and above ),Dp Publishing,"Publishing, Dp",,"=""""","=""""",5,4.00,,Kindle Edition,31,2013,2013,2015/04/09,2015/04/09,,,read,,,,,,,0,,,,,
1103,Snow Flower and the Secret Fan,Lisa See,"See, Lisa",,"=""0812968069""","=""9780812968064""",4,4.05,Random House ,Paperback,269,2006,2005,,2015/04/08,,,read,,,,,,,0,,,,,
7445,The Glass Castle: A Memoir,Jeannette Walls,"Walls, Jeannette",,"=""074324754X""","=""9780743247542""",4,4.23,Scribner,Paperback,288,2006,2005,,2015/04/08,,,read,,,,,,,0,,,,,
129594,365 Penguins,Jean-Luc Fromental,"Fromental, Jean-Luc",Joëlle Jolivet,"=""081094460X""","=""9780810944602""",5,4.08,Harry N. Abrams,Hardcover,48,2006,2006,,2015/04/08,,,read,,,,,,,0,,,,,
136251,"Harry Potter and the Deathly Hallows (Harry Potter, #7)",J.K. Rowling,"Rowling, J.K.",Mary GrandPré,"=""0545010225""","=""9780545010221""",5,4.61,Arthur A. Levine Books,Hardcover,784,2007,2007,,2015/04/08,,,read,,,,,,,0,,,,,
9717320,"Divergent (Divergent, #1)",Veronica Roth,"Roth, Veronica",,"=""""","=""""",4,4.24,Katherine Tegen Books,Kindle Edition,501,2011,2011,,2015/04/08,,,read,,,,,,,0,,,,,
13068756,Insurgent (Divergent #2),Veronica Roth,"Roth, Veronica",,"=""""","=""""",4,4.07,Katherine Tegen Books ,Kindle Edition,544,2012,2012,,2015/04/08,,,read,,,,,,,0,,,,,
17406183,"Allegiant (Divergent, #3)",Veronica Roth,"Roth, Veronica",,"=""""","=""""",4,3.64,Katherine Tegen Books,Kindle Edition,545,2013,2013,,2015/04/08,,,read,,,,,,,0,,,,,
24952631,The Paradise of Glass (The Glassblower Trilogy #3),Petra Durst-Benning,"Durst-Benning, Petra",Samuel Willcocks,"=""""","=""""",0,3.93,AmazonCrossing,Kindle Edition,386,2015,2007,,2015/04/08,to-read,to-read (#3),to-read,,,,,,,0,,,,,
21403302,The Bone Clocks,David Mitchell,"Mitchell, David",,"=""""","=""""",4,3.81,Random House,Kindle Edition,640,2014,2014,2015/04/22,2015/03/31,,,read,,,,,,,0,,,,,
22490765,Mars Rover Curiosity: An Inside Account from Curiosity's Chief Engineer,Rob Manning,"Manning, Rob",William L. Simon,"=""""","=""""",0,3.99,Smithsonian Books,Kindle Edition,240,2014,2014,,2015/01/16,to-read,to-read (#6),to-read,,,,,,,0,,,,,
18857536,Maps and Legends: Reading and Writing Along the Borderlands,Michael Chabon,"Chabon, Michael",,"=""""","=""""",0,3.68,Open Road Media,Kindle Edition,203,2011,2008,,2015/01/05,to-read,to-read (#5),to-read,,,,,,,0,,,,,
20639917,Flash Boys,Michael   Lewis,"Lewis, Michael",,"=""""","=""""",4,4.11,W. W. Norton & Company,Kindle Edition,304,2014,2014,2015/01/04,2014/12/21,,,read,,,,,,,0,,,,,
21230742,"Maker Dad: Lunch Box Guitars, Anti-Gravity Jars, and 22 Other Incredibly Cool Father-Daughter DIY Projects",Mark Frauenfelder,"Frauenfelder, Mark",,"=""""","=""""",4,3.98,Amazon Publishing,Kindle Edition,240,2014,2014,,2014/12/20,,,read,,,,,,,0,,,,,
21856367,"The Innovators: How a Group of  Hackers, Geniuses and Geeks Created the Digital Revolution",Walter Isaacson,"Isaacson, Walter",,"=""147670869X""","=""9781476708690""",0,4.03,Simon and Schuster,Hardcover,528,2014,2014,,2014/11/24,to-read,to-read (#2),to-read,,,,,,,0,,,,,
13593532,Every Day is an Atheist Holiday!,Penn Jillette,"Jillette, Penn",,"=""0399161562""","=""9780399161568""",2,3.84,Blue Rider Press,Hardcover,304,2012,2012,2014/12/20,2014/11/23,,,read,,,,,,,0,,,,,
192222,Solve Your Child's Sleep Problems,Richard Ferber,"Ferber, Richard",,"=""0743201639""","=""9780743201636""",5,3.88,Touchstone,Paperback,464,2006,1985,,2014/11/23,,,read,,,,,,,0,,,,,
202850,How to Photograph Your Baby,Nick Kelsh,"Kelsh, Nick",Marisa Bulzone,"=""1556708955""","=""9781556708954""",5,4.00,Harry N. Abrams,Hardcover,96,1999,1999,,2014/11/23,,,read,,,,,,,0,,,,,
3623970,Baby Beluga (Songs to Read),Raffi Cavoukian,"Cavoukian, Raffi",,"=""0517578395""","=""9780517578391""",5,4.27,Knopf Books for Young Readers,Hardcover,32,1990,1983,,2014/11/23,,,read,,,,,,,0,,,,,
3888,The America's Test Kitchen Family Cookbook,America's Test Kitchen,"Kitchen, America's Test","Carl Tremblay, Daniel J. Van Ackere","=""193361501X""","=""9781933615011""",5,4.31,America's Test Kitchen,Spiral-bound,726,2006,2005,,2014/11/23,,,read,,,,,,,0,,,,,
108381,Unstrange Minds: Remapping the World of Autism,Roy Richard Grinker,"Grinker, Roy Richard",,"=""0465027636""","=""9780465027637""",4,3.94,Basic Books,Hardcover,352,2007,2007,,2014/11/23,,,read,,,,,,,0,,,,,
1002540,The Fortune Cookie Chronicles: Adventures in the World of Chinese Food,Jennifer 8. Lee,"Lee, Jennifer 8.",,"=""0446580074""","=""9780446580076""",5,3.63,Twelve,Hardcover,320,2008,2008,,2014/11/23,,,read,,,,,,,0,,,,,
207215,The Adventures of Polo,Régis Faller,"Faller, Régis",,"=""1596431601""","=""9781596431607""",5,4.17,Roaring Brook Press,Hardcover,80,2006,2006,,2014/11/23,,,read,,,,,,,0,,,,,
18758910,Best Books of 2013: Reader's Guide,Amazon Books Editors,"Editors, Amazon Books",,"=""""","=""""",2,3.41,"Amazon.com, Inc.",Kindle Edition,92,2013,2013,,2014/11/23,,,read,,,,,,,0,,,,,
13512170,The Hobbit,J.R.R. Tolkien,"Tolkien, J.R.R.",Alan Lee,"=""""","=""""",5,4.24,Houghton Mifflin Harcourt,Kindle Edition,322,2012,1937,,2014/11/23,,,read,,,,,,,0,,,,,
13510444,"The Lord of the Rings (The Lord of the Rings, #1-3)",J.R.R. Tolkien,"Tolkien, J.R.R.",,"=""""","=""""",5,4.47,Houghton Mifflin Harcourt,Kindle Edition,1220,2012,1955,,2014/11/23,,,read,,,,,,,0,,,,,
11297044,Steve Jobs,Walter Isaacson,"Isaacson, Walter",,"=""""","=""""",5,4.09,Simon & Schuster Digital Sales,Kindle Edition,657,2011,2011,,2014/11/23,,,read,,,,,,,0,,,,,
22591134,Dataclysm: Who We Are (When We Think No One's Looking),Christian Rudder,"Rudder, Christian",,"=""""","=""""",0,3.72,Crown,Kindle Edition,272,2014,2014,,2014/11/23,,,read,,,,1,,,0,,,,,
19288239,Colorless Tsukuru Tazaki and His Years of Pilgrimage,Haruki Murakami,"Murakami, Haruki",Philip Gabriel,"=""0385352107""","=""9780385352109""",4,3.81,Knopf Publishing Group,Hardcover,386,2014,2013,,2014/11/23,,,read,,,,,,,0,,,,,
17333230,The Luminaries,Eleanor Catton,"Catton, Eleanor",,"=""0316074314""","=""9780316074315""",3,3.70,"Little, Brown and Company",Hardcover,848,2013,2013,2014/09/01,2014/11/23,,,read,,,,,,,0,,,,,
9557,Sputnik Sweetheart,Haruki Murakami,"Murakami, Haruki",Philip Gabriel,"=""0099448475""","=""9780099448471""",4,3.81,Vintage,Paperback,229,2002,1999,2014/11/19,2014/11/23,,,read,,,,,,,0,,,,,
3317677,That Reminds Me: Finding the Funny in a Serious World,Michael Close,"Close, Michael",,"=""1435706463""","=""9781435706460""",5,4.00,Lulu.com,Paperback,218,2012,2008,2014/12/20,2014/11/23,,,read,,,,,,,0,,,,,
13641208,Tenth of December,George Saunders,"Saunders, George",,"=""0812993802""","=""9780812993806""",3,3.95,Random House,Hardcover,272,2013,2013,2014/12/20,2014/11/23,,,read,,,,,,,0,,,,,
18373298,"Congratulations, By the Way: Some Thoughts on Kindness",George Saunders,"Saunders, George",Chelsea Cardinal,"=""0812996275""","=""9780812996272""",5,4.09,Random House,Hardcover,64,2014,2014,,2014/11/23,,,read,,,,,,,0,,,,,
23128304,The Strange Library,Haruki Murakami,"Murakami, Haruki",Ted Goossen,"=""0385354304""","=""9780385354301""",4,3.55,Knopf,Paperback,96,2014,2005,2014/12/20,2014/11/07,,,read,,,,,,,0,,,,,
21445677,The Storied Life of A.J. Fikry,Gabrielle Zevin,"Zevin, Gabrielle",,"=""""","=""""",4,3.97,Algonquin Books,Kindle Edition,260,2014,2014,2014/07/28,2014/07/28,,,read,,,,,,,0,,,,,
13330761,The Dog Stars,Peter Heller,"Heller, Peter",,"=""0307959945""","=""9780307959942""",0,3.90,Knopf,Hardcover,336,2012,2012,,2014/07/16,to-read,to-read (#1),to-read,,,,,,,0,,,,,
18007564,The Martian,Andy Weir,"Weir, Andy",,"=""0804139024""","=""9780804139021""",5,4.39,Crown,Hardcover,369,2014,2014,,2014/07/16,,,read,,,,,,,0,,,,,
17210471,"Saints (Boxers & Saints, #2)",Gene Luen Yang,"Yang, Gene Luen",,"=""1596436891""","=""9781596436893""",4,3.83,First Second,Paperback,170,2013,2013,,2014/07/16,,,read,,,,,,,0,,,,,
17210470,"Boxers (Boxers & Saints, #1)",Gene Luen Yang,"Yang, Gene Luen",,"=""1596433590""","=""9781596433595""",4,3.87,First Second,Paperback,336,2013,2013,,2014/07/16,,,read,,,,,,,0,,,,,
13722902,A Hologram for the King,Dave Eggers,"Eggers, Dave",,"=""193636574X""","=""9781936365746""",5,3.30,McSweeney's ,Hardcover,312,2012,2012,2014/07/27,2014/07/16,,,read,,,,,,,0,,,,,
20135262,Do You Believe in Magic?: The Sense and Nonsense of Alternative Medicine,Paul A. Offit,"Offit, Paul A.",,"=""""","=""""",5,4.05,Harper,Kindle Edition,341,2013,2013,,2014/06/28,,,read,,,,,,,0,,,,,
18867023,From Scratch: Inside the Food Network,Allen Salkin,"Salkin, Allen",,"=""""","=""9781101636473""",3,3.17,Putnam Adult,Kindle Edition,449,2013,2013,2014/06/19,2014/06/19,,,read,,,,,,,0,,,,,
18911878,Danny the Champion of the World,Roald Dahl,"Dahl, Roald",Quentin Blake,"=""""","=""""",5,4.07,Puffin,Kindle Edition,214,2007,1975,,2014/05/13,,,read,,,,,,,0,,,,,
8674411,Be Different: Adventures of a Free-Range Aspergian,John Elder Robison,"Robison, John Elder",,"=""0385670338""","=""9780385670333""",2,3.98,Doubleday Canada,Hardcover,304,2011,2011,2014/06/21,2013/12/30,,,read,,,,,,,0,,,,,
13642218,"Raising Cubby: A Father and Son's Adventures with Asperger's, Trains, Tractors, and High Explosives",John Elder Robison,"Robison, John Elder",,"=""0307884848""","=""9780307884848""",5,3.79,Crown,Hardcover,384,2013,2013,2013/12/30,2013/12/25,,,read,,,,,,,0,,,,,
454856,Look Me in the Eye: My Life with Asperger's,John Elder Robison,"Robison, John Elder",,"=""0307395987""","=""9780307395986""",5,3.90,Crown,Hardcover,304,2007,2007,,2013/12/25,,,read,,,,,,,0,,,,,
2272880,The Drunkard's Walk: How Randomness Rules Our Lives,Leonard Mlodinow,"Mlodinow, Leonard",,"=""0375424040""","=""9780375424045""",4,3.88,Pantheon,Hardcover,252,2008,2008,,2013/12/25,,,read,,,,,,,0,,,,,
6329078,South,Ernest Shackleton,"Shackleton, Ernest",,"=""""","=""""",3,4.21,,Kindle Edition,224,,1919,,2013/12/25,,,read,,,,,,,0,,,,,
4520934,Introductory Statistics with R,Peter Dalgaard,"Dalgaard, Peter",,"=""0387790535""","=""9780387790534""",4,3.72,Springer,Paperback,364,2008,2002,,2013/12/25,,,read,,,,,,,0,,,,,
8716774,Underground: The Tokyo Gas Attack and the Japanese Psyche (Vintage International),Haruki Murakami,"Murakami, Haruki",,"=""""","=""""",3,3.89,,Kindle Edition,384,,1997,,2013/12/25,,,read,,,,,,,0,,,,,
18867751,Slow Cooker Revolution: One Test Kitchen. 30 Slow Cookers. 200 Amazing Recipes.,America's Test Kitchen,"Kitchen, America's Test",,"=""""","=""9781933615936""",5,4.09,America's Test Kitchen,Kindle Edition,336,2011,2011,,2013/12/25,,,read,,,,,,,0,,,,,
12777353,"Apps for Autism: An Essential Guide to Over 200 Effective Apps for Improving Communication, Behavior, Social Skills, and More!",Lois Jean Brady,"Brady, Lois Jean",,"=""193527449X""","=""9781935274490""",2,3.62,Future Horizons,Paperback,396,2011,2011,,2013/12/25,,,read,,,,,,,0,,,,,
19007882,Sous Vide: Help for the Busy Cook,Jason Logsdon,"Logsdon, Jason",,"=""""","=""""",4,3.71,,Kindle Edition,182,2011,2011,,2013/12/25,,,read,,,,,,,0,,,,,
20082225,Complex Surveys: A Guide to Analysis Using R (Wiley Series in Survey Methodology),Thomas Lumley,"Lumley, Thomas",,"=""""","=""""",5,4.50,Wiley,Kindle Edition,296,2011,2010,,2013/12/25,,,read,,,,,,,0,,,,,
18849574,"Fantasy Life: The Outrageous, Uplifting, and Heartbreaking World of Fantasy Sports from the Guy Who's Lived It",Matthew Berry,"Berry, Matthew",,"=""""","=""9781101613979""",3,3.76,Riverhead,Kindle Edition,353,2013,2013,,2013/12/25,,,read,,,,,,,0,,,,,
17608317,Let's Explore Diabetes with Owls,David Sedaris,"Sedaris, David",,"=""""","=""""",3,3.80,"Little, Brown and Company",Kindle Edition,288,2013,2013,,2013/12/25,,,read,,,,,,,0,,,,,
16077741,The Signal and the Noise: Why So Many Predictions Fail-but Some Don't,Nate Silver,"Silver, Nate",,"=""""","=""""",4,3.96,Penguin Press,Kindle Edition,545,2012,2012,,2013/12/25,,,read,,,,,,,0,,,,,
18067917,The Upstream Doctors (TED),Rishi Manchanda,"Manchanda, Rishi",,"=""""","=""9781937382360""",5,3.95,"TED Conferences; 38 edition (June 6, 2013)",Kindle Edition,112,2013,2013,,2013/12/25,,,read,,,,,,,0,,,,,
17854650,The Lowland,Jhumpa Lahiri,"Lahiri, Jhumpa",,"=""""","=""""",3,3.82,Knopf,Kindle Edition,352,2013,2013,,2013/12/25,,,read,,,,,,,0,,,,,
19095117,Applied Logistic Regression (Wiley Series in Probability and Statistics),David W. Hosmer,"Hosmer, David W.","Stanley Lemeshow, Rodney X. Sturdivant","=""""","=""""",5,4.09,Wiley,Kindle Edition,528,2013,1989,,2013/12/25,,,read,,,,,,,0,,,,,
19112820,Interaction Effects in Logistic Regression (Quantitative Applications in the Social Sciences),James J. Jaccard,"Jaccard, James J.",,"=""""","=""""",5,4.88,"SAGE Publications, Inc",Kindle Edition,80,2001,2001,,2013/12/25,,,read,,,,,,,0,,,,,
3284102,Salmonella Men on Planet Porno: Stories,Yasutaka Tsutsui,"Tsutsui, Yasutaka",Andrew Driver,"=""0307377261""","=""9780307377265""",3,3.64,Pantheon Books,Hardcover,252,2008,2005,,2012/06/11,,,read,,,,,,,0,,,,,
7857195,Squirrel Seeks Chipmunk: A Modest Bestiary,David Sedaris,"Sedaris, David",Ian Falconer,"=""0316038393""","=""9780316038393""",4,3.34,"Little, Brown and Company",Hardcover,159,2010,2010,2012/06/07,2012/06/06,,,read,,,,,,,0,,,,,
13110703,Taco USA: How Mexican Food Conquered America,Gustavo Arellano,"Arellano, Gustavo",,"=""1439148619""","=""9781439148617""",3,3.67,Scribner,Hardcover,310,2012,2012,2012/06/05,2012/05/19,,,read,,,,,,,0,,,,,
50902,Foreskin's Lament,Shalom Auslander,"Auslander, Shalom",,"=""1594489556""","=""9781594489556""",3,3.83,Riverhead Hardcover,Hardcover,320,2007,2007,2012/04/28,2012/04/30,,,read,,,,,,,0,,,,,
972034,Gordon Yamamoto and the King of the Geeks,Gene Luen Yang,"Yang, Gene Luen",,"=""0943151953""","=""9780943151953""",4,3.59,SLG Publishing,Paperback,104,2004,2004,,2012/04/18,,,read,,,,,,,0,,,,,
7167845,Prime Baby,Gene Luen Yang,"Yang, Gene Luen",,"=""1596436506""","=""9781596436503""",4,3.65,First Second,Hardcover,64,2010,2010,,2012/04/18,,,read,,,,,,,0,,,,,
4437831,The Eternal Smile: Three Stories,Gene Luen Yang,"Yang, Gene Luen",Derek Kirk Kim,"=""1596431563""","=""9781596431560""",4,3.64,First Second,Paperback,170,2009,2009,,2012/04/18,,,read,,,,,,,0,,,,,
118944,American Born Chinese,Gene Luen Yang,"Yang, Gene Luen",,"=""1596431520""","=""9781596431522""",4,3.88,First Second,Paperback,240,2006,2006,,2012/04/18,,,read,,,,,,,0,,,,,
6283767,Chicken And Cat Clean Up,Sara Varon,"Varon, Sara",,"=""0439634083""","=""9780439634083""",4,3.69,Scholastic Press,Hardcover,48,2009,2009,,2012/04/18,,,read,,,,,,,0,,,,,
868969,Chicken and Cat,Sara Varon,"Varon, Sara",,"=""0439634067""","=""9780439634069""",4,3.77,Scholastic Press,Hardcover,40,2006,2006,,2012/04/18,,,read,,,,,,,0,,,,,
10225299,Bake Sale,Sara Varon,"Varon, Sara",,"=""1596437405""","=""9781596437401""",3,3.92,First Second,Hardcover,160,2011,2011,,2012/04/18,,,read,,,,,,,0,,,,,
377254,Robot Dreams,Sara Varon,"Varon, Sara",,"=""1596431083""","=""9781596431089""",5,3.92,First Second,Paperback,208,2007,2007,,2012/04/18,,,read,,,,,,,0,,,,,
70509,Absurdistan,Gary Shteyngart,"Shteyngart, Gary",,"=""0812971671""","=""9780812971675""",3,3.29,Random House Trade Paperbacks,Paperback,333,2007,2006,,2012/04/18,,,read,,,,,,,0,,,,,
7334201,Super Sad True Love Story,Gary Shteyngart,"Shteyngart, Gary",,"=""1400066409""","=""9781400066407""",3,3.44,Random House Publishing Group,Hardcover,331,2010,2010,,2012/04/18,,,read,,,,,,,0,,,,,
4790430,Parentonomics: An Economist Dad Looks at Parenting,Joshua Gans,"Gans, Joshua",,"=""0262012782""","=""9780262012782""",3,3.19,MIT Press (MA),Hardcover,235,2009,2008,,2012/04/18,,,read,,,,,,,0,,,,,
129731,Mindless Eating: Why We Eat More Than We Think,Brian Wansink,"Wansink, Brian",,"=""0553804340""","=""9780553804348""",5,3.95,Bantam,Hardcover,276,2006,2006,,2012/04/18,,,read,,,,,,,0,,,,,
1713426,Predictably Irrational: The Hidden Forces That Shape Our Decisions,Dan Ariely,"Ariely, Dan",,"=""006135323X""","=""9780061353239""",5,4.10,HarperCollins Canada ,Hardcover,280,2008,2007,,2012/04/18,,,read,,,,,,,0,,,,,
4806,Longitude: The True Story of a Lone Genius Who Solved the Greatest Scientific Problem of His Time,Dava Sobel,"Sobel, Dava",Neil Armstrong,"=""0802714625""","=""9780802714626""",5,3.95,Walker Books,Hardcover,192,2005,1995,,2012/04/18,,,read,,,,,,,0,,,,,
18646,"Galileo's Daughter: A Historical Memoir of Science, Faith and Love",Dava Sobel,"Sobel, Dava",,"=""0140280553""","=""9780140280555""",4,3.74,Penguin Books (NYC),Paperback,420,2000,1999,,2012/04/18,,,read,,,,,,,0,,,,,
43641,Water for Elephants,Sara Gruen,"Gruen, Sara",,"=""1565125606""","=""9781565125605""",3,4.07,Algonquin Books,Paperback,335,2007,2006,,2012/04/18,,,read,,,,,,,0,,,,,
4214,Life of Pi,Yann Martel,"Martel, Yann",,"=""0770430074""","=""9780770430078""",5,3.88,Seal Books,Paperback,460,2006,2001,,2012/04/18,,,read,,,,,,,0,,,,,
960,"Angels & Demons  (Robert Langdon, #1)",Dan Brown,"Brown, Dan",,"=""1416524797""","=""9781416524793""",2,3.85,Pocket Books,Mass Market Paperback,713,2006,2000,,2012/04/18,,,read,,,,,,,0,,,,,
77203,The Kite Runner,Khaled Hosseini,"Hosseini, Khaled",,"=""1594480001""","=""9781594480003""",3,4.25,Riverhead Books,Paperback,391,2004,2003,,2012/04/18,,,read,,,,,,,0,,,,,
1618,The Curious Incident of the Dog in the Night-Time,Mark Haddon,"Haddon, Mark",,"=""1400032717""","=""9781400032716""",5,3.85,Vintage Contemporaries,Paperback,226,2004,2003,,2012/04/18,,,read,,,,,,,0,,,,,
705694,"Runner's World Run Less, Run Faster: Become a Faster, Stronger Runner with the Revolutionary FIRST Training Program",Bill Pierce,"Pierce, Bill","Scott Murr, Ray Moss","=""159486649X""","=""9781594866494""",5,3.91,Rodale Books,Paperback,272,2007,2007,,2012/04/18,,,read,,,,,,,0,,,,,
6289283,"Born to Run: A Hidden Tribe, Superathletes, and the Greatest Race the World Has Never Seen",Christopher McDougall,"McDougall, Christopher",,"=""0307266303""","=""9780307266309""",5,4.27,Knopf,Hardcover,287,2009,2009,,2012/04/18,,,read,,,,,,,0,,,,,
98250,Once a Runner,John L. Parker Jr.,"Jr., John L. Parker",,"=""0915297019""","=""9780915297016""",4,4.05,Cedarwinds,Paperback,226,1999,1978,,2012/04/18,,,read,,,,,,,0,,,,,
2195464,What I Talk About When I Talk About Running,Haruki Murakami,"Murakami, Haruki",Philip Gabriel,"=""0307269191""","=""9780307269195""",5,3.79,Knopf Publishing Group,Hardcover,188,2008,2007,,2012/04/18,,,read,,,,,,,0,,,,,
17803,After Dark,Haruki Murakami,"Murakami, Haruki",Jay Rubin,"=""0307265838""","=""9780307265838""",5,3.68,Knopf Publishing Group,Hardcover,191,2007,2004,2014/12/20,2012/04/18,,,read,,,,,,,0,,,,,
6493208,The Immortal Life of Henrietta Lacks,Rebecca Skloot,"Skloot, Rebecca",,"=""1400052173""","=""9781400052172""",5,4.03,Crown Publishing Group,Hardcover,370,2010,2010,,2012/04/18,,,read,,,,,,,0,,,,,
76401,Bury My Heart at Wounded Knee: An Indian History of the American West,Dee Brown,"Brown, Dee",,"=""0805066691""","=""9780805066692""",5,4.21,"Henry Holt and Company, LLC",Paperback,509,2001,1970,,2012/04/18,,,read,,,,,,,0,,,,,
2203,John Adams,David McCullough,"McCullough, David",,"=""0743223136""","=""9780743223133""",4,4.05,Simon & Schuster Paperbacks,Paperback,751,2001,2001,,2012/04/18,,,read,,,,,,,0,,,,,
1067,1776,David McCullough,"McCullough, David",,"=""0743226720""","=""9780743226721""",4,4.06,Simon & Schuster,Paperback,386,2006,2005,,2012/04/18,,,read,,,,,,,0,,,,,
6892870,"The Girl Who Kicked the Hornet's Nest (Millennium, #3)",Stieg Larsson,"Larsson, Stieg",Reg Keeland,"=""030726999X""","=""9780307269997""",3,4.20,Knopf,Hardcover,563,2010,2007,,2012/04/18,,,read,,,,,,,0,,,,,
5060378,"The Girl Who Played with Fire (Millennium, #2)",Stieg Larsson,"Larsson, Stieg",Reg Keeland,"=""0307269981""","=""9780307269980""",3,4.22,Alfred A. Knopf,Mass Market Paperback,752,2009,2006,,2012/04/18,,,read,,,,,,,0,,,,,
2429135,"The Girl with the Dragon Tattoo (Millennium, #1)",Stieg Larsson,"Larsson, Stieg",Reg Keeland,"=""0307269752""","=""9780307269751""",5,4.11,Knopf,Hardcover,465,2008,2005,,2012/04/18,,,read,,,,,,,0,,,,,
3399375,Under Pressure: Cooking Sous Vide,Thomas Keller,"Keller, Thomas",,"=""1579653510""","=""9781579653514""",2,4.23,Artisan Division of Workman Publishing,Hardcover,304,2008,2008,,2012/04/16,,,read,,,,,,,0,,,,,
10475603,Beginning Sous Vide: Low Temperature Recipes and Techniques for Getting Started at Home,Jason Logsdon,"Logsdon, Jason",,"=""1456336975""","=""9781456336974""",4,3.58,Createspace Independent Publishing Platform,Paperback,210,2010,2010,,2012/04/16,,,read,,,,,,,0,,,,,
6488057,Big Machine,Victor LaValle,"LaValle, Victor",,"=""0385527985""","=""9780385527989""",3,3.32,Spiegel & Grau,Hardcover,370,2009,2009,2012/05/18,2012/04/16,,,read,"I liked the overall message, and the ending was very good. It was a bear to get through the first 2/3 though.",,,,,,0,,,,,
10357575,1Q84,Haruki Murakami,"Murakami, Haruki","Jay Rubin, Philip Gabriel","=""0307593312""","=""9780307593313""",4,3.88,Knopf,Hardcover,925,2011,2009,,2012/04/16,,,read,,,,,,,0,,,,,
6667514,The Checklist Manifesto: How to Get Things Right,Atul Gawande,"Gawande, Atul",,"=""0805091742""","=""9780805091748""",4,4.02,Metropolitan Books,Hardcover,208,2009,2009,,2012/04/16,,,read,,,,,,,0,,,,,
2767052,"The Hunger Games (The Hunger Games, #1)",Suzanne Collins,"Collins, Suzanne",,"=""0439023483""","=""9780439023481""",4,4.34,Scholastic Press,Hardcover,374,2008,2008,,2012/04/16,,,read,,,,,,,0,,,,,
6148028,"Catching Fire (The Hunger Games, #2)",Suzanne Collins,"Collins, Suzanne",,"=""0439023491""","=""9780439023498""",3,4.30,Scholastic Press,Hardcover,391,2009,2009,,2012/04/16,,,read,,,,,,,0,,,,,
7260188,"Mockingjay (The Hunger Games, #3)",Suzanne Collins,"Collins, Suzanne",,"=""0439023513""","=""9780439023511""",3,4.03,Scholastic Press,Hardcover,392,2010,2010,,2012/04/16,,,read,,,,,,,0,,,,,
